Position,Company,Location,URL
라인프렌즈[IPX] 2022년 각 부문 수시의 전체 세부 정보,IPX,서울 용산구,https://kr.indeed.com/rc/clk?jk=1015284880e2ff62&fccid=e6548a8408f0612b&vjs=3
KB저축은행 경력직의 전체 세부 정보,KB저축은행,서울 송파구,https://kr.indeed.com/rc/clk?jk=e531b39ecff23e22&fccid=a638644439b34cff&vjs=3
Associate Consultant Intern의 전체 세부 정보,Mastercard,서울,https://kr.indeed.com/rc/clk?jk=acf53a07a0c4d06f&fccid=10b5c722d846df43&vjs=3
한국필립모리스 2022년 상반기 수시의 전체 세부 정보,한국필립모리스㈜,서울 영등포구,https://kr.indeed.com/rc/clk?jk=44e9ac7f0f94e784&fccid=fb7e65f74b012d18&vjs=3
MBC 소프트웨어 개발 담당의 전체 세부 정보,문화방송,서울 마포구,https://kr.indeed.com/rc/clk?jk=c4d46c898454a0e8&fccid=3c09ef7790507811&vjs=3
[양재역] 데이터분석(석박사급 R Python Matlab)의 전체 세부 정보,시니어앤파트너즈,서울 서초구,https://kr.indeed.com/rc/clk?jk=ce71e040d5a36470&fccid=59060ddcdf96b101&vjs=3
데이터분석 신입/경력 정규직의 전체 세부 정보,블록스퀘어서울,서울 서초구,https://kr.indeed.com/rc/clk?jk=88960e11c2cdd682&fccid=72348558bd9456ba&vjs=3
[신입]백엔드 개발자의 전체 세부 정보,엘리스,서울 강남구,https://kr.indeed.com/rc/clk?jk=b49175f39df025f6&fccid=b00d4b329a5fe2ac&vjs=3
자동차  메카트로닉스 외 경력의 전체 세부 정보,에이치알니즈,서울,https://kr.indeed.com/rc/clk?jk=56c8bc189b374d01&fccid=b8c1027d6dda0525&vjs=3
그룹공동 마이데이터 분석 플랫폼(데이터분석가)의 전체 세부 정보,KB데이타시스템,서울 마포구,https://kr.indeed.com/rc/clk?jk=25b3c3e6a66bd77c&fccid=fe227fbd2afb9580&vjs=3
INTERN / AI Research Intern(Biology)의 전체 세부 정보,카카오브레인,성남 분당구,https://kr.indeed.com/rc/clk?jk=4c8d6ffc493b6509&fccid=cba3dd38afc6edb8&vjs=3
[EY한영] 컨설팅본부 DnA팀 인턴 채용 (프랑스어 능통자)의 전체 세부 정보,EY,서울 영등포구,https://kr.indeed.com/rc/clk?jk=d05e5d3e83280305&fccid=1544766d4c2915b0&vjs=3
JR0192526 SW engineer intern의 전체 세부 정보,인텔코리아,서울,https://kr.indeed.com/rc/clk?jk=83f4939522ffaa68&fccid=ded06d6a6799d929&vjs=3
주니어 디벨로퍼(Junior Developer) (경력 무관)의 전체 세부 정보,트레져러,서울 강남구,https://kr.indeed.com/rc/clk?jk=d92eeff78838e652&fccid=e7b19a98be207a44&vjs=3
LDI/리서치본부 채권리서치팀 인턴의 전체 세부 정보,엔에이치아문디자산운용,서울 영등포구,https://kr.indeed.com/rc/clk?jk=2a824ab9cd204590&fccid=e39e5030f94e4712&vjs=3
Senior Open Source Developer & DevOps (Python  Django  React  AWS/OpenStack),OpenCraft,Anywhere in the World,https://weworkremotely.com/remote-jobs/opencraft-senior-open-source-developer-devops-python-django-react-aws-openstack
Senior Python Engineer: Long-term job - 100% remote,Proxify AB,Anywhere in the World,https://weworkremotely.com/remote-jobs/proxify-ab-senior-python-engineer-long-term-job-100-remote
Full Stack Software Engineer (Python / Django / React),Trustworthy,Anywhere in the World,https://weworkremotely.com/remote-jobs/trustworthy-full-stack-software-engineer-python-django-react-1
Python Developer,lemon.io,Latin America Only/Europe Only/Canada Only,https://weworkremotely.com/remote-jobs/lemon-io-python-developer-3
(Senior) Python Full Stack Software Developer,Optimile,Europe Only,https://weworkremotely.com/remote-jobs/optimile-senior-python-full-stack-software-developer
Senior Full-stack Engineer with Python,NannyML,Anywhere in the World,https://weworkremotely.com/remote-jobs/nannyml-senior-full-stack-engineer-with-python
Python Engineer (Web Scraping),Shake,Anywhere in the World,https://weworkremotely.com/remote-jobs/shake-python-engineer-web-scraping
Senior Software Engineer  Python,AssemblyAI (YC 17),Anywhere in the World,https://weworkremotely.com/remote-jobs/assemblyai-yc-17-senior-software-engineer-python
Python Platform Engineer,Doximity,Americas Only,https://weworkremotely.com/remote-jobs/doximity-python-platform-engineer
Développeur(e) de Python & Golang | Python & Golang Developer (Kubernetes),VEXXHOST  Inc.,Anywhere in the World,https://weworkremotely.com/remote-jobs/vexxhost-inc-developpeur-e-de-python-golang-python-golang-developer-kubernetes
Software Engineer in Test – Python – Cyprus  Greece or Remote ,XM,Anywhere in the World,https://weworkremotely.com/remote-jobs/xm-software-engineer-in-test-python-cyprus-greece-or-remote-1
